"Name","Score1","Score2","TotalScore","TimeTaken"
"samg",60,100,73.3333333333333,358
"samg ",60,100,73.3333333333333,358
