"Name","Score1","Score2","TotalScore","TimeTaken"
"no",80,100,86.6666666666667,1827
"CJW",80,100,86.6666666666667,1827
