"Name","Score1","Score2","TotalScore","TimeTaken"
"ary",84,100,89.3333333333333,835
"ary0813",84,100,89.3333333333333,835
