"Name","Score1","Score2","TotalScore","TimeTaken"
"Molly ",48,100,65.3333333333333,418
"Mollyf",48,100,65.3333333333333,418
"mollyf1717",48,100,65.3333333333333,418
