"Name","Score1","Score2","TotalScore","TimeTaken"
"Kirk",68,100,78.6666666666667,844
"Kirk ",68,100,78.6666666666667,844
