"Name","Score1","Score2","TotalScore","TimeTaken"
"",84,100,89.3333333333333,6332
"Gianna Bray",84,100,89.3333333333333,6332
