"Name","Score1","Score2","TotalScore","TimeTaken"
"j",72,100,81.3333333333333,500
"jordan",72,100,81.3333333333333,500
